,Thermostat,Smoke_Alarm,Light A,Light B,Door,Person
0,85,OFF,OFF,OFF,OPEN,Home
1,86,OFF,OFF,OFF,OPEN,Home
2,85,OFF,OFF,OFF,OPEN,Home
3,84,OFF,OFF,OFF,OPEN,Home
4,83,OFF,OFF,OFF,OPEN,Home
5,84,OFF,OFF,ON,OPEN,Home
6,85,OFF,ON,ON,OPEN,Home
7,85,OFF,ON,ON,OPEN,Home
8,85,OFF,ON,ON,OPEN,Home
9,86,OFF,ON,ON,OPEN,Home
10,85,OFF,ON,ON,OPEN,Home
11,84,OFF,ON,ON,OPEN,Home
12,84,OFF,ON,ON,OPEN,Home
13,85,OFF,ON,ON,LOCKED,Away
14,86,OFF,ON,ON,LOCKED,Away
15,86,OFF,ON,ON,LOCKED,Away
16,86,OFF,ON,ON,LOCKED,Away
17,86,OFF,ON,ON,LOCKED,Away
18,85,OFF,ON,ON,LOCKED,Away
19,86,OFF,ON,ON,LOCKED,Away
20,85,ON,ON,ON,LOCKED,Away
21,85,ON,ON,ON,LOCKED,Away
22,84,ON,ON,ON,LOCKED,Away
23,85,OFF,ON,ON,LOCKED,Away
24,86,OFF,ON,ON,LOCKED,Away
25,85,OFF,ON,ON,LOCKED,Away
26,86,OFF,ON,ON,LOCKED,Home
27,85,OFF,ON,ON,LOCKED,Home
28,86,OFF,ON,ON,LOCKED,Home
29,85,ON,ON,ON,OPEN,Home
30,85,ON,ON,ON,OPEN,Home
31,86,ON,ON,ON,OPEN,Home
32,86,ON,ON,ON,OPEN,Home
33,87,ON,ON,ON,OPEN,Home
34,88,ON,ON,ON,OPEN,Home
35,89,ON,ON,ON,OPEN,Home
36,90,ON,ON,ON,OPEN,Home
37,90,ON,ON,ON,OPEN,Home
38,89,ON,ON,ON,OPEN,Home
39,88,ON,ON,ON,OPEN,Home
40,89,ON,ON,ON,OPEN,Home
41,89,ON,ON,ON,OPEN,Home
42,88,ON,ON,ON,LOCKED,Away
43,88,ON,ON,ON,LOCKED,Away
44,89,ON,ON,ON,LOCKED,Away
45,88,ON,ON,ON,LOCKED,Away
46,87,ON,ON,ON,LOCKED,Away
47,87,ON,ON,ON,LOCKED,Away
48,87,ON,ON,ON,LOCKED,Away
49,88,ON,ON,ON,LOCKED,Away
50,87,ON,ON,ON,LOCKED,Away
51,87,ON,ON,ON,LOCKED,Away
52,88,ON,ON,ON,LOCKED,Away
53,87,ON,ON,ON,LOCKED,Away
54,87,ON,ON,ON,LOCKED,Away
55,88,ON,ON,ON,LOCKED,Away
56,88,ON,ON,ON,LOCKED,Away
57,89,ON,ON,ON,LOCKED,Home
58,90,ON,ON,ON,LOCKED,Home
59,89,ON,ON,ON,LOCKED,Home
60,88,ON,ON,ON,OPEN,Away
61,88,ON,ON,ON,OPEN,Away
62,88,ON,ON,ON,LOCKED,Away
63,89,ON,ON,ON,LOCKED,Home
64,89,ON,ON,ON,LOCKED,Home
65,90,ON,ON,ON,LOCKED,Home
66,89,ON,ON,ON,OPEN,Home
67,88,ON,ON,ON,OPEN,Home
68,88,ON,ON,ON,OPEN,Home
69,87,ON,ON,ON,LOCKED,Away
70,88,ON,ON,ON,LOCKED,Away
71,88,ON,ON,ON,LOCKED,Away
72,88,ON,ON,ON,LOCKED,Away
73,88,ON,ON,ON,LOCKED,Away
74,89,ON,ON,ON,LOCKED,Away
75,90,ON,ON,ON,LOCKED,Away
76,91,ON,ON,ON,LOCKED,Away
77,92,ON,ON,ON,LOCKED,Away
78,93,ON,ON,ON,LOCKED,Away
79,94,ON,ON,ON,LOCKED,Away
80,95,ON,ON,ON,LOCKED,Away
81,96,ON,ON,ON,LOCKED,Away
82,95,ON,ON,ON,LOCKED,Away
83,96,ON,ON,ON,LOCKED,Away
84,97,ON,ON,ON,LOCKED,Home
85,97,ON,ON,ON,LOCKED,Home
86,97,ON,ON,ON,LOCKED,Home
87,97,ON,ON,ON,OPEN,Home
88,98,ON,ON,ON,OPEN,Home
89,99,ON,ON,ON,OPEN,Home
90,100,ON,ON,ON,OPEN,Home
91,101,ON,ON,ON,OPEN,Home
92,101,ON,ON,ON,OPEN,Home
93,100,ON,ON,ON,OPEN,Home
94,99,ON,ON,ON,OPEN,Home
95,100,ON,ON,ON,OPEN,Home
96,101,ON,ON,ON,OPEN,Home
97,102,ON,ON,ON,OPEN,Home
98,103,ON,ON,ON,OPEN,Home
99,102,ON,ON,ON,OPEN,Home
100,102,ON,ON,ON,OPEN,Home
101,101,ON,ON,ON,OPEN,Home
102,101,ON,ON,ON,OPEN,Home
103,101,ON,ON,ON,OPEN,Home
104,102,ON,ON,ON,OPEN,Home
105,101,ON,ON,ON,OPEN,Home
106,102,ON,ON,ON,OPEN,Home
107,101,ON,ON,ON,OPEN,Home
108,101,ON,ON,ON,OPEN,Home
109,101,ON,ON,ON,OPEN,Home
110,100,ON,ON,ON,OPEN,Home
111,100,ON,ON,ON,OPEN,Home
112,99,ON,ON,ON,OPEN,Home
113,99,ON,ON,ON,OPEN,Home
114,100,ON,ON,ON,LOCKED,Away
115,101,ON,ON,ON,LOCKED,Away
116,100,ON,ON,ON,LOCKED,Away
117,99,ON,ON,ON,LOCKED,Away
118,99,ON,ON,ON,LOCKED,Away
119,98,ON,ON,ON,LOCKED,Away
120,99,ON,ON,ON,LOCKED,Home
121,98,ON,ON,ON,LOCKED,Home
122,97,ON,ON,ON,OPEN,Home
123,98,ON,ON,ON,LOCKED,Away
124,97,ON,ON,ON,LOCKED,Away
125,96,ON,ON,ON,LOCKED,Away
126,96,ON,ON,ON,LOCKED,Away
127,95,ON,ON,ON,LOCKED,Away
128,94,ON,ON,ON,LOCKED,Away
129,93,ON,ON,ON,LOCKED,Away
130,92,ON,ON,ON,LOCKED,Away
131,92,ON,ON,ON,LOCKED,Away
132,91,ON,ON,ON,LOCKED,Away
133,91,ON,ON,ON,LOCKED,Away
134,92,ON,ON,ON,LOCKED,Away
135,91,ON,ON,ON,LOCKED,Away
136,91,ON,ON,ON,LOCKED,Away
137,92,ON,ON,ON,LOCKED,Away
138,92,ON,ON,ON,LOCKED,Away
139,93,ON,ON,ON,LOCKED,Away
140,92,ON,ON,ON,LOCKED,Away
141,93,ON,ON,ON,LOCKED,Away
142,94,ON,ON,ON,LOCKED,Away
143,94,ON,ON,ON,LOCKED,Away
144,94,ON,ON,ON,LOCKED,Away
145,93,ON,ON,ON,LOCKED,Away
146,92,ON,ON,ON,LOCKED,Away
147,91,ON,ON,ON,LOCKED,Away
148,90,ON,ON,ON,LOCKED,Away
149,89,ON,ON,ON,LOCKED,Away
150,90,ON,ON,ON,LOCKED,Home
151,90,ON,ON,ON,LOCKED,Home
152,90,ON,ON,ON,OPEN,Away
153,89,ON,ON,ON,OPEN,Away
154,89,ON,ON,ON,LOCKED,Away
155,89,ON,ON,ON,LOCKED,Away
156,90,ON,ON,ON,LOCKED,Away
157,89,ON,ON,ON,LOCKED,Away
158,89,ON,ON,ON,LOCKED,Away
159,89,ON,ON,ON,LOCKED,Home
160,89,ON,ON,ON,LOCKED,Home
161,88,ON,ON,ON,LOCKED,Home
162,87,ON,ON,ON,LOCKED,Home
163,87,ON,ON,ON,OPEN,Home
164,86,ON,ON,ON,LOCKED,Away
165,87,ON,ON,ON,LOCKED,Away
166,87,ON,ON,ON,LOCKED,Away
167,88,ON,ON,ON,LOCKED,Away
168,89,ON,ON,ON,LOCKED,Away
169,90,ON,ON,ON,LOCKED,Away
170,90,ON,ON,ON,LOCKED,Home
171,90,ON,ON,ON,LOCKED,Home
172,90,ON,ON,ON,LOCKED,Home
173,91,ON,ON,ON,OPEN,Home
174,90,ON,ON,ON,OPEN,Home
175,90,ON,ON,ON,OPEN,Home
176,91,ON,ON,ON,OPEN,Home
177,91,ON,ON,ON,OPEN,Home
178,90,ON,ON,ON,OPEN,Home
179,91,ON,ON,ON,OPEN,Home
180,90,ON,ON,ON,OPEN,Home
181,91,ON,ON,ON,OPEN,Home
182,90,ON,ON,ON,OPEN,Home
183,89,ON,ON,ON,OPEN,Home
184,88,ON,ON,ON,OPEN,Home
185,88,ON,ON,ON,OPEN,Home
186,89,ON,ON,ON,OPEN,Home
187,88,ON,ON,ON,OPEN,Home
188,87,ON,ON,ON,OPEN,Home
189,88,ON,ON,ON,LOCKED,Away
190,87,ON,ON,ON,LOCKED,Away
191,88,ON,ON,ON,LOCKED,Away
192,87,ON,ON,ON,LOCKED,Away
193,87,ON,ON,ON,LOCKED,Away
194,86,ON,ON,ON,LOCKED,Away
195,85,ON,ON,ON,LOCKED,Away
196,86,ON,ON,ON,LOCKED,Home
197,85,ON,ON,ON,LOCKED,Home
198,85,ON,ON,ON,OPEN,Home
199,85,ON,ON,ON,OPEN,Home
200,86,ON,ON,ON,LOCKED,Away
201,85,ON,ON,ON,LOCKED,Away
202,85,ON,ON,ON,LOCKED,Away
203,85,ON,ON,ON,LOCKED,Home
204,85,ON,ON,ON,LOCKED,Home
205,86,ON,ON,ON,LOCKED,Home
206,85,ON,ON,ON,LOCKED,Home
207,84,ON,ON,ON,LOCKED,Home
208,85,OFF,ON,ON,LOCKED,Away
209,86,OFF,ON,ON,LOCKED,Away
210,85,OFF,ON,ON,LOCKED,Away
211,85,OFF,ON,ON,LOCKED,Away
212,84,OFF,ON,ON,LOCKED,Home
213,84,OFF,ON,ON,LOCKED,Away
214,83,OFF,ON,ON,LOCKED,Away
215,83,OFF,ON,ON,LOCKED,Away
216,83,OFF,ON,ON,LOCKED,Away
217,84,OFF,ON,ON,LOCKED,Home
218,85,OFF,ON,ON,LOCKED,Home
219,84,OFF,ON,ON,LOCKED,Home
220,85,OFF,ON,ON,LOCKED,Home
221,86,OFF,ON,ON,LOCKED,Away
222,86,OFF,ON,ON,LOCKED,Away
223,86,OFF,ON,ON,LOCKED,Away
224,87,OFF,ON,ON,LOCKED,Away
225,88,OFF,ON,ON,LOCKED,Away
226,89,OFF,ON,ON,LOCKED,Away
227,88,ON,ON,ON,LOCKED,Away
228,88,ON,ON,ON,LOCKED,Away
229,87,ON,ON,ON,LOCKED,Away
230,86,ON,ON,ON,LOCKED,Away
231,87,ON,ON,ON,LOCKED,Away
232,86,ON,ON,ON,LOCKED,Away
233,85,ON,ON,ON,LOCKED,Away
234,84,ON,ON,ON,LOCKED,Away
235,84,OFF,ON,ON,LOCKED,Away
236,83,OFF,ON,ON,LOCKED,Away
237,82,OFF,ON,ON,LOCKED,Away
238,82,OFF,ON,ON,LOCKED,Away
239,82,OFF,ON,ON,LOCKED,Away
240,82,OFF,ON,ON,LOCKED,Away
241,81,OFF,ON,ON,LOCKED,Away
242,80,OFF,ON,ON,LOCKED,Away
243,80,OFF,ON,ON,LOCKED,Away
244,79,OFF,ON,ON,LOCKED,Away
245,80,OFF,ON,ON,LOCKED,Away
246,81,OFF,ON,ON,LOCKED,Home
247,81,OFF,ON,ON,LOCKED,Away
248,80,OFF,ON,ON,LOCKED,Away
249,81,OFF,ON,ON,LOCKED,Away
250,81,OFF,ON,ON,LOCKED,Away
251,82,OFF,ON,ON,LOCKED,Away
252,83,OFF,ON,ON,LOCKED,Away
253,82,OFF,ON,ON,LOCKED,Away
254,83,OFF,ON,ON,LOCKED,Away
255,84,OFF,ON,ON,LOCKED,Away
256,83,OFF,ON,ON,LOCKED,Away
257,82,OFF,ON,ON,LOCKED,Away
258,82,OFF,ON,ON,LOCKED,Away
259,83,OFF,ON,ON,LOCKED,Away
260,82,OFF,ON,ON,LOCKED,Home
261,83,OFF,ON,ON,LOCKED,Home
262,82,OFF,ON,ON,LOCKED,Home
263,82,OFF,ON,ON,LOCKED,Home
264,82,OFF,ON,ON,LOCKED,Home
265,83,OFF,ON,ON,LOCKED,Home
266,82,OFF,ON,ON,LOCKED,Home
267,81,OFF,ON,ON,LOCKED,Home
268,80,OFF,ON,ON,LOCKED,Home
269,79,OFF,ON,ON,LOCKED,Away
270,80,OFF,ON,ON,LOCKED,Away
271,79,OFF,ON,ON,LOCKED,Away
272,79,OFF,ON,ON,LOCKED,Away
273,79,OFF,ON,ON,LOCKED,Away
274,78,OFF,ON,ON,LOCKED,Away
275,77,OFF,ON,ON,LOCKED,Home
276,78,OFF,ON,ON,LOCKED,Home
277,77,OFF,ON,ON,LOCKED,Home
278,76,OFF,ON,ON,LOCKED,Home
279,77,OFF,ON,ON,LOCKED,Home
280,77,OFF,ON,ON,LOCKED,Home
281,77,OFF,ON,ON,LOCKED,Home
282,78,OFF,ON,ON,LOCKED,Home
283,77,OFF,ON,ON,LOCKED,Home
284,78,OFF,ON,ON,LOCKED,Home
285,78,OFF,ON,ON,LOCKED,Home
286,79,OFF,ON,ON,LOCKED,Home
287,78,OFF,ON,ON,LOCKED,Home
288,78,OFF,ON,ON,LOCKED,Home
289,79,OFF,ON,ON,LOCKED,Away
290,80,OFF,ON,ON,LOCKED,Away
291,79,OFF,ON,ON,LOCKED,Away
292,80,OFF,ON,ON,LOCKED,Away
293,81,OFF,ON,ON,LOCKED,Away
294,82,OFF,ON,ON,LOCKED,Away
295,82,OFF,ON,ON,LOCKED,Away
296,82,OFF,ON,ON,LOCKED,Away
297,83,OFF,ON,ON,LOCKED,Away
298,84,OFF,ON,ON,LOCKED,Away
299,85,OFF,ON,ON,LOCKED,Away
300,84,OFF,ON,ON,LOCKED,Away
301,84,OFF,ON,ON,LOCKED,Away
302,85,OFF,ON,ON,LOCKED,Away
303,84,OFF,ON,ON,LOCKED,Away
304,83,OFF,ON,ON,LOCKED,Away
305,83,OFF,ON,ON,LOCKED,Home
306,83,OFF,ON,ON,LOCKED,Home
307,82,OFF,ON,ON,LOCKED,Home
308,82,OFF,ON,ON,LOCKED,Home
309,83,OFF,ON,ON,LOCKED,Home
310,84,OFF,ON,ON,LOCKED,Away
311,83,OFF,ON,ON,LOCKED,Away
312,84,OFF,ON,ON,LOCKED,Away
313,85,OFF,ON,ON,LOCKED,Away
314,84,OFF,ON,ON,LOCKED,Away
315,85,OFF,ON,ON,LOCKED,Home
316,85,OFF,ON,ON,LOCKED,Away
317,85,OFF,ON,ON,LOCKED,Away
318,85,OFF,ON,ON,LOCKED,Away
319,84,OFF,ON,ON,LOCKED,Away
320,83,OFF,ON,ON,LOCKED,Away
321,83,OFF,ON,ON,LOCKED,Away
322,84,OFF,ON,ON,LOCKED,Home
323,83,OFF,ON,ON,LOCKED,Home
324,83,OFF,ON,ON,LOCKED,Home
325,84,OFF,ON,ON,LOCKED,Home
326,83,OFF,ON,ON,LOCKED,Home
327,82,OFF,ON,ON,LOCKED,Home
328,83,OFF,ON,ON,LOCKED,Home
329,84,OFF,ON,ON,LOCKED,Home
330,83,OFF,ON,ON,LOCKED,Home
331,83,OFF,ON,ON,LOCKED,Away
332,82,OFF,ON,ON,LOCKED,Away
333,83,OFF,ON,ON,LOCKED,Home
334,84,OFF,ON,ON,LOCKED,Home
335,84,OFF,ON,ON,LOCKED,Home
336,84,OFF,ON,ON,LOCKED,Home
337,85,OFF,ON,ON,LOCKED,Home
338,85,OFF,ON,ON,LOCKED,Home
339,84,OFF,ON,ON,LOCKED,Away
340,84,OFF,ON,ON,LOCKED,Away
341,83,OFF,ON,ON,LOCKED,Away
342,82,OFF,ON,ON,LOCKED,Home
343,83,OFF,ON,ON,LOCKED,Home
344,83,OFF,ON,ON,LOCKED,Home
345,84,OFF,ON,ON,LOCKED,Home
346,84,OFF,ON,ON,LOCKED,Home
347,83,OFF,ON,ON,LOCKED,Home
348,83,OFF,ON,ON,LOCKED,Home
349,83,OFF,ON,ON,LOCKED,Home
350,82,OFF,ON,ON,LOCKED,Home
351,82,OFF,ON,ON,LOCKED,Home
352,82,OFF,ON,ON,LOCKED,Away
353,82,OFF,ON,ON,LOCKED,Away
354,83,OFF,ON,ON,LOCKED,Away
355,84,OFF,ON,ON,LOCKED,Away
356,85,OFF,ON,ON,LOCKED,Away
357,84,OFF,ON,ON,LOCKED,Away
358,84,OFF,ON,ON,LOCKED,Away
359,85,OFF,ON,ON,LOCKED,Away
360,86,OFF,ON,ON,LOCKED,Away
361,86,OFF,ON,ON,LOCKED,Away
362,87,OFF,ON,ON,LOCKED,Away
363,88,OFF,ON,ON,LOCKED,Away
364,87,OFF,ON,ON,LOCKED,Away
365,88,ON,ON,ON,LOCKED,Away
366,88,ON,ON,ON,LOCKED,Home
367,88,ON,ON,ON,LOCKED,Home
368,87,ON,ON,ON,LOCKED,Home
369,86,ON,ON,ON,LOCKED,Home
370,86,ON,ON,ON,OPEN,Away
371,85,ON,ON,ON,OPEN,Away
372,85,ON,ON,ON,LOCKED,Away
373,84,ON,ON,ON,LOCKED,Away
374,83,OFF,ON,ON,LOCKED,Away
375,82,OFF,ON,ON,LOCKED,Away
376,81,OFF,ON,ON,LOCKED,Home
377,82,OFF,ON,ON,LOCKED,Home
378,81,OFF,ON,ON,LOCKED,Home
379,81,OFF,ON,ON,LOCKED,Away
380,80,OFF,ON,ON,LOCKED,Home
381,79,OFF,ON,ON,LOCKED,Home
382,80,OFF,ON,ON,LOCKED,Home
383,80,OFF,ON,ON,LOCKED,Home
384,79,OFF,ON,ON,LOCKED,Home
385,80,OFF,ON,ON,LOCKED,Home
386,79,OFF,ON,ON,LOCKED,Home
387,79,OFF,ON,ON,LOCKED,Home
388,78,OFF,ON,ON,LOCKED,Home
389,79,OFF,ON,ON,LOCKED,Home
390,78,OFF,ON,ON,LOCKED,Home
391,79,OFF,ON,ON,LOCKED,Home
392,79,OFF,ON,ON,LOCKED,Home
393,79,OFF,ON,ON,LOCKED,Home
394,79,OFF,ON,ON,LOCKED,Home
395,78,OFF,ON,ON,LOCKED,Home
396,77,OFF,ON,ON,LOCKED,Home
397,77,OFF,ON,ON,LOCKED,Home
398,77,OFF,ON,ON,LOCKED,Home
399,77,OFF,ON,ON,LOCKED,Home
400,76,OFF,ON,ON,LOCKED,Home
401,75,OFF,ON,ON,LOCKED,Home
402,74,OFF,ON,ON,LOCKED,Home
403,73,OFF,ON,ON,LOCKED,Home
404,73,OFF,ON,ON,LOCKED,Home
405,73,OFF,ON,ON,LOCKED,Home
406,72,OFF,ON,ON,LOCKED,Home
407,71,OFF,ON,ON,LOCKED,Home
408,72,OFF,ON,ON,LOCKED,Home
409,72,OFF,ON,ON,LOCKED,Home
410,72,OFF,ON,ON,LOCKED,Home
411,72,OFF,ON,ON,LOCKED,Home
412,72,OFF,ON,ON,LOCKED,Home
413,72,OFF,ON,ON,LOCKED,Home
414,71,OFF,ON,ON,LOCKED,Home
415,72,OFF,ON,ON,LOCKED,Away
416,72,OFF,ON,ON,LOCKED,Away
417,71,OFF,ON,ON,LOCKED,Away
418,70,OFF,ON,ON,LOCKED,Away
419,69,OFF,ON,ON,LOCKED,Away
420,70,OFF,ON,ON,LOCKED,Away
421,69,OFF,ON,ON,LOCKED,Away
422,69,OFF,ON,ON,LOCKED,Away
423,69,OFF,ON,ON,LOCKED,Away
424,70,OFF,ON,ON,LOCKED,Away
425,71,OFF,ON,ON,LOCKED,Away
426,71,OFF,ON,ON,LOCKED,Away
427,70,OFF,ON,ON,LOCKED,Away
428,69,OFF,ON,ON,LOCKED,Away
429,70,OFF,ON,ON,LOCKED,Away
430,70,OFF,ON,ON,LOCKED,Away
431,70,OFF,ON,ON,LOCKED,Away
432,71,OFF,ON,ON,LOCKED,Away
433,71,OFF,ON,ON,LOCKED,Away
434,72,OFF,ON,ON,LOCKED,Away
435,72,OFF,ON,ON,LOCKED,Away
436,73,OFF,ON,ON,LOCKED,Home
437,72,OFF,ON,ON,LOCKED,Home
438,72,OFF,ON,ON,LOCKED,Home
439,72,OFF,ON,ON,LOCKED,Home
440,71,OFF,ON,ON,LOCKED,Home
441,71,OFF,ON,ON,LOCKED,Away
442,71,OFF,ON,ON,LOCKED,Away
443,72,OFF,ON,ON,LOCKED,Away
444,71,OFF,ON,ON,LOCKED,Away
445,70,OFF,ON,ON,LOCKED,Home
446,71,OFF,ON,ON,LOCKED,Away
447,71,OFF,ON,ON,LOCKED,Away
448,70,OFF,ON,ON,LOCKED,Away
449,69,OFF,ON,ON,LOCKED,Away
450,68,OFF,ON,ON,LOCKED,Away
451,67,OFF,ON,ON,LOCKED,Away
452,68,OFF,ON,ON,LOCKED,Away
453,67,OFF,ON,ON,LOCKED,Away
454,66,OFF,ON,ON,LOCKED,Home
455,65,OFF,ON,ON,LOCKED,Away
456,65,OFF,ON,ON,LOCKED,Home
457,66,OFF,ON,ON,LOCKED,Home
458,66,OFF,ON,ON,LOCKED,Home
459,66,OFF,ON,ON,LOCKED,Home
460,65,OFF,ON,ON,LOCKED,Away
461,65,OFF,ON,ON,LOCKED,Away
462,66,OFF,ON,ON,LOCKED,Away
463,66,OFF,ON,ON,LOCKED,Away
464,65,OFF,ON,ON,LOCKED,Away
465,64,OFF,ON,ON,LOCKED,Away
466,65,OFF,ON,ON,LOCKED,Away
467,64,OFF,ON,ON,LOCKED,Away
468,65,OFF,ON,ON,LOCKED,Away
469,65,OFF,ON,ON,LOCKED,Home
470,65,OFF,ON,ON,LOCKED,Home
471,65,OFF,ON,ON,LOCKED,Home
472,65,OFF,ON,ON,LOCKED,Away
473,65,OFF,ON,ON,LOCKED,Away
474,65,OFF,ON,ON,LOCKED,Away
475,65,OFF,ON,ON,LOCKED,Away
476,64,OFF,ON,ON,LOCKED,Away
477,64,OFF,ON,ON,LOCKED,Away
478,63,OFF,ON,ON,LOCKED,Away
479,64,OFF,ON,ON,LOCKED,Away
480,64,OFF,ON,ON,LOCKED,Away
481,63,OFF,ON,ON,LOCKED,Away
482,62,OFF,ON,ON,LOCKED,Away
483,63,OFF,ON,ON,LOCKED,Away
484,64,OFF,ON,ON,LOCKED,Home
485,64,OFF,ON,ON,LOCKED,Home
486,64,OFF,ON,ON,LOCKED,Away
487,64,OFF,ON,ON,LOCKED,Away
488,63,OFF,ON,ON,LOCKED,Away
489,64,OFF,ON,ON,LOCKED,Away
490,65,OFF,ON,ON,LOCKED,Away
491,65,OFF,ON,ON,LOCKED,Away
492,65,OFF,ON,ON,LOCKED,Away
493,64,OFF,ON,ON,LOCKED,Away
494,65,OFF,ON,ON,LOCKED,Away
495,64,OFF,ON,ON,LOCKED,Away
496,63,OFF,ON,ON,LOCKED,Away
497,63,OFF,ON,ON,LOCKED,Away
498,63,OFF,ON,ON,LOCKED,Away
499,64,OFF,ON,ON,LOCKED,Away
500,64,OFF,ON,ON,LOCKED,Away
501,63,OFF,ON,ON,LOCKED,Away
502,63,OFF,ON,ON,LOCKED,Away
503,63,OFF,ON,ON,LOCKED,Away
504,62,OFF,ON,ON,LOCKED,Away
505,63,OFF,ON,ON,LOCKED,Away
506,64,OFF,ON,ON,LOCKED,Home
507,64,OFF,ON,ON,LOCKED,Home
508,65,OFF,ON,ON,LOCKED,Home
509,64,OFF,ON,ON,LOCKED,Home
510,63,OFF,ON,ON,LOCKED,Home
511,62,OFF,ON,ON,LOCKED,Home
512,61,OFF,ON,ON,LOCKED,Home
513,61,OFF,ON,ON,LOCKED,Home
514,61,OFF,ON,ON,LOCKED,Home
515,61,OFF,ON,ON,LOCKED,Home
516,61,OFF,ON,ON,LOCKED,Home
517,60,OFF,ON,ON,LOCKED,Home
518,60,OFF,ON,ON,LOCKED,Home
519,59,OFF,ON,ON,LOCKED,Home
520,59,OFF,ON,ON,LOCKED,Home
521,59,OFF,ON,ON,LOCKED,Away
522,60,OFF,ON,ON,LOCKED,Away
523,59,OFF,ON,ON,LOCKED,Away
524,59,OFF,ON,ON,LOCKED,Away
525,58,OFF,ON,ON,LOCKED,Home
526,57,OFF,ON,ON,LOCKED,Home
527,56,OFF,ON,ON,LOCKED,Home
528,57,OFF,ON,ON,LOCKED,Home
529,58,OFF,ON,ON,LOCKED,Home
530,57,OFF,ON,ON,LOCKED,Home
531,58,OFF,ON,ON,LOCKED,Home
532,57,OFF,ON,ON,LOCKED,Home
533,57,OFF,ON,ON,LOCKED,Home
534,57,OFF,ON,ON,LOCKED,Home
535,58,OFF,ON,ON,LOCKED,Home
536,57,OFF,ON,ON,LOCKED,Home
537,57,OFF,ON,ON,LOCKED,Home
538,56,OFF,ON,ON,LOCKED,Home
539,57,OFF,ON,ON,LOCKED,Away
540,58,OFF,ON,ON,LOCKED,Away
541,57,OFF,ON,ON,LOCKED,Away
542,58,OFF,ON,ON,LOCKED,Away
543,59,OFF,ON,ON,LOCKED,Away
544,60,OFF,ON,ON,LOCKED,Away
545,61,OFF,ON,ON,LOCKED,Away
546,60,OFF,ON,ON,LOCKED,Away
547,60,OFF,ON,ON,LOCKED,Away
548,59,OFF,ON,ON,LOCKED,Away
549,59,OFF,ON,ON,LOCKED,Away
550,60,OFF,ON,ON,LOCKED,Away
551,60,OFF,ON,ON,LOCKED,Home
552,60,OFF,ON,ON,LOCKED,Home
553,61,OFF,ON,ON,LOCKED,Home
554,61,OFF,ON,ON,LOCKED,Home
555,60,OFF,ON,ON,LOCKED,Home
556,59,OFF,ON,ON,LOCKED,Away
557,58,OFF,ON,ON,LOCKED,Away
558,59,OFF,ON,ON,LOCKED,Away
559,60,OFF,ON,ON,LOCKED,Away
560,61,OFF,ON,ON,LOCKED,Home
561,62,OFF,ON,ON,LOCKED,Home
562,62,OFF,ON,ON,LOCKED,Home
563,62,OFF,ON,ON,LOCKED,Home
564,61,OFF,ON,ON,LOCKED,Home
565,61,OFF,ON,ON,LOCKED,Home
566,62,OFF,ON,ON,LOCKED,Home
567,62,OFF,ON,ON,LOCKED,Home
568,63,OFF,ON,ON,LOCKED,Home
569,62,OFF,ON,ON,LOCKED,Home
570,63,OFF,ON,ON,LOCKED,Home
571,63,OFF,ON,ON,LOCKED,Away
572,62,OFF,ON,ON,LOCKED,Away
573,62,OFF,ON,ON,LOCKED,Away
574,62,OFF,ON,ON,LOCKED,Away
575,63,OFF,ON,ON,LOCKED,Away
576,63,OFF,ON,ON,LOCKED,Away
577,62,OFF,ON,ON,LOCKED,Away
578,61,OFF,ON,ON,LOCKED,Away
579,61,OFF,ON,ON,LOCKED,Away
580,62,OFF,ON,ON,LOCKED,Away
581,62,OFF,ON,ON,LOCKED,Away
582,61,OFF,ON,ON,LOCKED,Away
583,61,OFF,ON,ON,LOCKED,Away
584,60,OFF,ON,ON,LOCKED,Home
585,59,OFF,ON,ON,LOCKED,Home
586,60,OFF,ON,ON,LOCKED,Home
587,59,OFF,ON,ON,LOCKED,Home
588,60,OFF,ON,ON,LOCKED,Home
589,61,OFF,ON,ON,LOCKED,Home
590,60,OFF,ON,ON,LOCKED,Away
591,59,OFF,ON,ON,LOCKED,Away
592,58,OFF,ON,ON,LOCKED,Away
593,57,OFF,ON,ON,LOCKED,Away
594,57,OFF,ON,ON,LOCKED,Away
595,58,OFF,ON,ON,LOCKED,Home
596,58,OFF,ON,ON,LOCKED,Home
597,59,OFF,ON,ON,LOCKED,Home
598,58,OFF,ON,ON,LOCKED,Home
599,59,OFF,ON,ON,LOCKED,Home
600,58,OFF,ON,ON,LOCKED,Home
601,59,OFF,ON,ON,LOCKED,Home
602,59,OFF,ON,ON,LOCKED,Home
603,58,OFF,ON,ON,LOCKED,Home
604,58,OFF,ON,ON,LOCKED,Home
605,59,OFF,ON,ON,LOCKED,Home
606,60,OFF,ON,ON,LOCKED,Home
607,60,OFF,ON,ON,LOCKED,Home
608,60,OFF,ON,ON,LOCKED,Home
609,59,OFF,ON,ON,LOCKED,Home
610,60,OFF,ON,ON,LOCKED,Home
611,60,OFF,ON,ON,LOCKED,Home
612,60,OFF,ON,ON,LOCKED,Away
613,59,OFF,ON,ON,LOCKED,Away
614,58,OFF,ON,ON,LOCKED,Away
615,57,OFF,ON,ON,LOCKED,Away
616,57,OFF,ON,ON,LOCKED,Away
617,57,OFF,ON,ON,LOCKED,Away
618,57,OFF,ON,ON,LOCKED,Away
619,58,OFF,ON,ON,LOCKED,Away
620,57,OFF,ON,ON,LOCKED,Away
621,56,OFF,ON,ON,LOCKED,Away
622,56,OFF,ON,ON,LOCKED,Away
623,57,OFF,ON,ON,LOCKED,Away
624,56,OFF,ON,ON,LOCKED,Home
625,57,OFF,ON,ON,LOCKED,Home
626,58,OFF,ON,ON,LOCKED,Home
627,58,OFF,ON,ON,LOCKED,Home
628,57,OFF,ON,ON,LOCKED,Home
629,56,OFF,ON,ON,LOCKED,Home
630,57,OFF,ON,ON,LOCKED,Home
631,56,OFF,ON,ON,LOCKED,Home
632,57,OFF,ON,ON,LOCKED,Home
633,58,OFF,ON,ON,LOCKED,Home
634,59,OFF,ON,ON,LOCKED,Home
635,60,OFF,ON,ON,LOCKED,Home
636,59,OFF,ON,ON,LOCKED,Home
637,58,OFF,ON,ON,LOCKED,Home
638,57,OFF,ON,ON,LOCKED,Home
639,56,OFF,ON,ON,LOCKED,Home
640,56,OFF,ON,ON,LOCKED,Home
641,57,OFF,ON,ON,LOCKED,Home
642,56,OFF,ON,ON,LOCKED,Away
643,57,OFF,ON,ON,LOCKED,Home
644,58,OFF,ON,ON,LOCKED,Away
645,59,OFF,ON,ON,LOCKED,Away
646,58,OFF,ON,ON,LOCKED,Away
647,57,OFF,ON,ON,LOCKED,Away
648,56,OFF,ON,ON,LOCKED,Away
649,56,OFF,ON,ON,LOCKED,Away
650,57,OFF,ON,ON,LOCKED,Away
651,57,OFF,ON,ON,LOCKED,Away
652,57,OFF,ON,ON,LOCKED,Away
653,57,OFF,ON,ON,LOCKED,Away
654,58,OFF,ON,ON,LOCKED,Away
655,57,OFF,ON,ON,LOCKED,Away
656,56,OFF,ON,ON,LOCKED,Away
657,57,OFF,ON,ON,LOCKED,Away
658,58,OFF,ON,ON,LOCKED,Away
659,59,OFF,ON,ON,LOCKED,Away
660,60,OFF,ON,ON,LOCKED,Away
661,60,OFF,ON,ON,LOCKED,Away
662,60,OFF,ON,ON,LOCKED,Away
663,61,OFF,ON,ON,LOCKED,Away
664,61,OFF,ON,ON,LOCKED,Away
665,62,OFF,ON,ON,LOCKED,Away
666,62,OFF,ON,ON,LOCKED,Away
667,63,OFF,ON,ON,LOCKED,Away
668,64,OFF,ON,ON,LOCKED,Away
669,65,OFF,ON,ON,LOCKED,Away
670,66,OFF,ON,ON,LOCKED,Away
671,67,OFF,ON,ON,LOCKED,Away
672,68,OFF,ON,ON,LOCKED,Away
673,69,OFF,ON,ON,LOCKED,Away
674,68,OFF,ON,ON,LOCKED,Away
675,68,OFF,ON,ON,LOCKED,Away
676,69,OFF,ON,ON,LOCKED,Away
677,70,OFF,ON,ON,LOCKED,Home
678,70,OFF,ON,ON,LOCKED,Home
679,71,OFF,ON,ON,LOCKED,Home
680,71,OFF,ON,ON,LOCKED,Home
681,70,OFF,ON,ON,LOCKED,Home
682,69,OFF,ON,ON,LOCKED,Home
683,68,OFF,ON,ON,LOCKED,Home
684,67,OFF,ON,ON,LOCKED,Home
685,66,OFF,ON,ON,LOCKED,Home
686,66,OFF,ON,ON,LOCKED,Home
687,67,OFF,ON,ON,LOCKED,Home
688,66,OFF,ON,ON,LOCKED,Home
689,67,OFF,ON,ON,LOCKED,Home
690,66,OFF,ON,ON,LOCKED,Home
691,65,OFF,ON,ON,LOCKED,Home
692,64,OFF,ON,ON,LOCKED,Home
693,63,OFF,ON,ON,LOCKED,Home
694,62,OFF,ON,ON,LOCKED,Home
695,63,OFF,ON,ON,LOCKED,Home
696,62,OFF,ON,ON,LOCKED,Home
697,61,OFF,ON,ON,LOCKED,Away
698,60,OFF,ON,ON,LOCKED,Away
699,59,OFF,ON,ON,LOCKED,Home
700,58,OFF,ON,ON,LOCKED,Home
701,58,OFF,ON,ON,LOCKED,Home
702,58,OFF,ON,ON,LOCKED,Home
703,57,OFF,ON,ON,LOCKED,Home
704,56,OFF,ON,ON,LOCKED,Home
705,55,OFF,ON,ON,LOCKED,Home
706,56,OFF,ON,ON,LOCKED,Home
707,56,OFF,ON,ON,LOCKED,Home
708,57,OFF,ON,ON,LOCKED,Home
709,57,OFF,ON,ON,LOCKED,Home
710,57,OFF,ON,ON,LOCKED,Home
711,56,OFF,ON,ON,LOCKED,Away
712,57,OFF,ON,ON,LOCKED,Away
713,58,OFF,ON,ON,LOCKED,Away
714,57,OFF,ON,ON,LOCKED,Away
715,56,OFF,ON,ON,LOCKED,Away
716,56,OFF,ON,ON,LOCKED,Away
717,57,OFF,ON,ON,LOCKED,Away
718,56,OFF,ON,ON,LOCKED,Home
719,55,OFF,ON,ON,LOCKED,Home
720,56,OFF,ON,ON,LOCKED,Home
721,57,OFF,ON,ON,LOCKED,Home
722,58,OFF,ON,ON,LOCKED,Home
723,59,OFF,ON,ON,LOCKED,Home
724,58,OFF,ON,ON,LOCKED,Away
725,58,OFF,ON,ON,LOCKED,Away
726,59,OFF,ON,ON,LOCKED,Away
727,59,OFF,ON,ON,LOCKED,Away
728,58,OFF,ON,ON,LOCKED,Away
729,59,OFF,ON,ON,LOCKED,Away
730,58,OFF,ON,ON,LOCKED,Away
731,58,OFF,ON,ON,LOCKED,Away
732,59,OFF,ON,ON,LOCKED,Away
733,60,OFF,ON,ON,LOCKED,Away
734,61,OFF,ON,ON,LOCKED,Away
735,60,OFF,ON,ON,LOCKED,Away
736,60,OFF,ON,ON,LOCKED,Away
737,61,OFF,ON,ON,LOCKED,Away
738,61,OFF,ON,ON,LOCKED,Home
739,62,OFF,ON,ON,LOCKED,Home
740,62,OFF,ON,ON,LOCKED,Home
741,63,OFF,ON,ON,LOCKED,Home
742,63,OFF,ON,ON,LOCKED,Home
743,63,OFF,ON,ON,LOCKED,Home
744,63,OFF,ON,ON,LOCKED,Home
745,62,OFF,ON,ON,LOCKED,Home
746,62,OFF,ON,ON,LOCKED,Home
747,62,OFF,ON,ON,LOCKED,Home
748,62,OFF,ON,ON,LOCKED,Home
749,62,OFF,ON,ON,LOCKED,Home
750,62,OFF,ON,ON,LOCKED,Home
751,63,OFF,ON,ON,LOCKED,Home
752,64,OFF,ON,ON,LOCKED,Home
753,65,OFF,ON,ON,LOCKED,Home
754,65,OFF,ON,ON,LOCKED,Away
755,64,OFF,ON,ON,LOCKED,Away
756,64,OFF,ON,ON,LOCKED,Away
757,64,OFF,ON,ON,LOCKED,Away
758,65,OFF,ON,ON,LOCKED,Away
759,65,OFF,ON,ON,LOCKED,Away
760,66,OFF,ON,ON,LOCKED,Away
761,65,OFF,ON,ON,LOCKED,Away
762,65,OFF,ON,ON,LOCKED,Away
763,65,OFF,ON,ON,LOCKED,Away
764,64,OFF,ON,ON,LOCKED,Away
765,63,OFF,ON,ON,LOCKED,Away
766,63,OFF,ON,ON,LOCKED,Away
767,63,OFF,ON,ON,LOCKED,Away
768,62,OFF,ON,ON,LOCKED,Away
769,63,OFF,ON,ON,LOCKED,Away
770,62,OFF,ON,ON,LOCKED,Away
771,61,OFF,ON,ON,LOCKED,Home
772,62,OFF,ON,ON,LOCKED,Home
773,63,OFF,ON,ON,LOCKED,Home
774,64,OFF,ON,ON,LOCKED,Home
775,65,OFF,ON,ON,LOCKED,Home
776,64,OFF,ON,ON,LOCKED,Home
777,65,OFF,ON,ON,LOCKED,Home
778,66,OFF,ON,ON,LOCKED,Home
779,67,OFF,ON,ON,LOCKED,Home
780,66,OFF,ON,ON,LOCKED,Home
781,67,OFF,ON,ON,LOCKED,Home
782,67,OFF,ON,ON,LOCKED,Away
783,68,OFF,ON,ON,LOCKED,Away
784,68,OFF,ON,ON,LOCKED,Away
785,69,OFF,ON,ON,LOCKED,Away
786,68,OFF,ON,ON,LOCKED,Home
787,68,OFF,ON,ON,LOCKED,Home
788,67,OFF,ON,ON,LOCKED,Home
789,68,OFF,ON,ON,LOCKED,Home
790,67,OFF,ON,ON,LOCKED,Home
791,68,OFF,ON,ON,LOCKED,Home
792,69,OFF,ON,ON,LOCKED,Away
793,70,OFF,ON,ON,LOCKED,Away
794,71,OFF,ON,ON,LOCKED,Away
795,70,OFF,ON,ON,LOCKED,Away
796,70,OFF,ON,ON,LOCKED,Away
797,70,OFF,ON,ON,LOCKED,Away
798,70,OFF,ON,ON,LOCKED,Away
799,70,OFF,ON,ON,LOCKED,Away
800,69,OFF,ON,ON,LOCKED,Away
801,68,OFF,ON,ON,LOCKED,Away
802,68,OFF,ON,ON,LOCKED,Away
803,68,OFF,ON,ON,LOCKED,Away
804,67,OFF,ON,ON,LOCKED,Away
805,66,OFF,ON,ON,LOCKED,Away
806,67,OFF,ON,ON,LOCKED,Home
807,68,OFF,ON,ON,LOCKED,Away
808,69,OFF,ON,ON,LOCKED,Away
809,69,OFF,ON,ON,LOCKED,Away
810,68,OFF,ON,ON,LOCKED,Away
811,69,OFF,ON,ON,LOCKED,Away
812,68,OFF,ON,ON,LOCKED,Away
813,67,OFF,ON,ON,LOCKED,Away
814,66,OFF,ON,ON,LOCKED,Away
815,67,OFF,ON,ON,LOCKED,Away
816,68,OFF,ON,ON,LOCKED,Away
817,67,OFF,ON,ON,LOCKED,Away
818,66,OFF,ON,ON,LOCKED,Away
819,65,OFF,ON,ON,LOCKED,Away
820,66,OFF,ON,ON,LOCKED,Away
821,66,OFF,ON,ON,LOCKED,Away
822,67,OFF,ON,ON,LOCKED,Away
823,66,OFF,ON,ON,LOCKED,Away
824,66,OFF,ON,ON,LOCKED,Away
825,65,OFF,ON,ON,LOCKED,Away
826,66,OFF,ON,ON,LOCKED,Home
827,65,OFF,ON,ON,LOCKED,Home
828,64,OFF,ON,ON,LOCKED,Away
829,65,OFF,ON,ON,LOCKED,Away
830,64,OFF,ON,ON,LOCKED,Away
831,63,OFF,ON,ON,LOCKED,Away
832,64,OFF,ON,ON,LOCKED,Away
833,64,OFF,ON,ON,LOCKED,Away
834,63,OFF,ON,ON,LOCKED,Away
835,62,OFF,ON,ON,LOCKED,Away
836,62,OFF,ON,ON,LOCKED,Away
837,62,OFF,ON,ON,LOCKED,Away
838,61,OFF,ON,ON,LOCKED,Away
839,61,OFF,ON,ON,LOCKED,Away
840,61,OFF,ON,ON,LOCKED,Away
841,62,OFF,ON,ON,LOCKED,Away
842,63,OFF,ON,ON,LOCKED,Away
843,62,OFF,ON,ON,LOCKED,Away
844,61,OFF,ON,ON,LOCKED,Away
845,62,OFF,ON,ON,LOCKED,Away
846,62,OFF,ON,ON,LOCKED,Away
847,63,OFF,ON,ON,LOCKED,Away
848,63,OFF,ON,ON,LOCKED,Away
849,62,OFF,ON,ON,LOCKED,Away
850,62,OFF,ON,ON,LOCKED,Away
851,62,OFF,ON,ON,LOCKED,Away
852,62,OFF,ON,ON,LOCKED,Away
853,63,OFF,ON,ON,LOCKED,Away
854,63,OFF,ON,ON,LOCKED,Away
855,62,OFF,ON,ON,LOCKED,Away
856,62,OFF,ON,ON,LOCKED,Away
857,61,OFF,ON,ON,LOCKED,Home
858,62,OFF,ON,ON,LOCKED,Away
859,61,OFF,ON,ON,LOCKED,Away
860,61,OFF,ON,ON,LOCKED,Away
861,61,OFF,ON,ON,LOCKED,Away
862,62,OFF,ON,ON,LOCKED,Away
863,63,OFF,ON,ON,LOCKED,Away
864,64,OFF,ON,ON,LOCKED,Away
865,65,OFF,ON,ON,LOCKED,Away
866,66,OFF,ON,ON,LOCKED,Home
867,65,OFF,ON,ON,LOCKED,Home
868,65,OFF,ON,ON,LOCKED,Home
869,66,OFF,ON,ON,LOCKED,Away
870,65,OFF,ON,ON,LOCKED,Away
871,65,OFF,ON,ON,LOCKED,Away
872,64,OFF,ON,ON,LOCKED,Away
873,65,OFF,ON,ON,LOCKED,Away
874,66,OFF,ON,ON,LOCKED,Away
875,66,OFF,ON,ON,LOCKED,Home
876,67,OFF,ON,ON,LOCKED,Home
877,68,OFF,ON,ON,LOCKED,Home
878,68,OFF,ON,ON,LOCKED,Home
879,68,OFF,ON,ON,LOCKED,Home
880,68,OFF,ON,ON,LOCKED,Home
881,67,OFF,ON,ON,LOCKED,Home
882,67,OFF,ON,ON,LOCKED,Home
883,66,OFF,ON,ON,LOCKED,Home
884,67,OFF,ON,ON,LOCKED,Home
885,66,OFF,ON,ON,LOCKED,Home
886,66,OFF,ON,ON,LOCKED,Home
887,67,OFF,ON,ON,LOCKED,Home
888,68,OFF,ON,ON,LOCKED,Home
889,69,OFF,ON,ON,LOCKED,Home
890,69,OFF,ON,ON,LOCKED,Home
891,69,OFF,ON,ON,LOCKED,Home
892,68,OFF,ON,ON,LOCKED,Home
893,67,OFF,ON,ON,LOCKED,Home
894,67,OFF,ON,ON,LOCKED,Home
895,66,OFF,ON,ON,LOCKED,Home
896,66,OFF,ON,ON,LOCKED,Home
897,65,OFF,ON,ON,LOCKED,Home
898,66,OFF,ON,ON,LOCKED,Home
899,67,OFF,ON,ON,LOCKED,Home
900,68,OFF,ON,ON,LOCKED,Home
901,67,OFF,ON,ON,LOCKED,Home
902,66,OFF,ON,ON,LOCKED,Home
903,66,OFF,ON,ON,LOCKED,Home
904,66,OFF,ON,ON,LOCKED,Home
905,67,OFF,ON,ON,LOCKED,Home
906,68,OFF,ON,ON,LOCKED,Home
907,67,OFF,ON,ON,LOCKED,Home
908,66,OFF,ON,ON,LOCKED,Home
909,66,OFF,ON,ON,LOCKED,Home
910,67,OFF,ON,ON,LOCKED,Home
911,68,OFF,ON,ON,LOCKED,Home
912,69,OFF,ON,ON,LOCKED,Away
913,69,OFF,ON,ON,LOCKED,Home
914,68,OFF,ON,ON,LOCKED,Home
915,69,OFF,ON,ON,LOCKED,Home
916,70,OFF,ON,ON,LOCKED,Home
917,71,OFF,ON,ON,LOCKED,Home
918,71,OFF,ON,ON,LOCKED,Home
919,72,OFF,ON,ON,LOCKED,Home
920,72,OFF,ON,ON,LOCKED,Away
921,73,OFF,ON,ON,LOCKED,Away
922,74,OFF,ON,ON,LOCKED,Away
923,75,OFF,ON,ON,LOCKED,Away
924,74,OFF,ON,ON,LOCKED,Away
925,75,OFF,ON,ON,LOCKED,Away
926,74,OFF,ON,ON,LOCKED,Away
927,75,OFF,ON,ON,LOCKED,Away
928,75,OFF,ON,ON,LOCKED,Away
929,74,OFF,ON,ON,LOCKED,Away
930,75,OFF,ON,ON,LOCKED,Away
931,75,OFF,ON,ON,LOCKED,Away
932,76,OFF,ON,ON,LOCKED,Away
933,75,OFF,ON,ON,LOCKED,Away
934,74,OFF,ON,ON,LOCKED,Away
935,74,OFF,ON,ON,LOCKED,Away
936,73,OFF,ON,ON,LOCKED,Away
937,73,OFF,ON,ON,LOCKED,Away
938,73,OFF,ON,ON,LOCKED,Away
939,72,OFF,ON,ON,LOCKED,Away
940,73,OFF,ON,ON,LOCKED,Away
941,72,OFF,ON,ON,LOCKED,Away
942,73,OFF,ON,ON,LOCKED,Away
943,72,OFF,ON,ON,LOCKED,Away
944,71,OFF,ON,ON,LOCKED,Away
945,72,OFF,ON,ON,LOCKED,Away
946,73,OFF,ON,ON,LOCKED,Away
947,73,OFF,ON,ON,LOCKED,Away
948,72,OFF,ON,ON,LOCKED,Away
949,72,OFF,ON,ON,LOCKED,Away
950,71,OFF,ON,ON,LOCKED,Away
951,71,OFF,ON,ON,LOCKED,Away
952,70,OFF,ON,ON,LOCKED,Away
953,70,OFF,ON,ON,LOCKED,Away
954,70,OFF,ON,ON,LOCKED,Home
955,71,OFF,ON,ON,LOCKED,Home
956,72,OFF,ON,ON,LOCKED,Home
957,71,OFF,ON,ON,LOCKED,Home
958,72,OFF,ON,ON,LOCKED,Home
959,72,OFF,ON,ON,LOCKED,Home
960,72,OFF,ON,ON,LOCKED,Home
961,72,OFF,ON,ON,LOCKED,Home
962,72,OFF,ON,ON,LOCKED,Home
963,71,OFF,ON,ON,LOCKED,Home
964,72,OFF,ON,ON,LOCKED,Home
965,72,OFF,ON,ON,LOCKED,Home
966,73,OFF,ON,ON,LOCKED,Home
967,73,OFF,ON,ON,LOCKED,Home
968,73,OFF,ON,ON,LOCKED,Home
969,72,OFF,ON,ON,LOCKED,Home
970,72,OFF,ON,ON,LOCKED,Home
971,73,OFF,ON,ON,LOCKED,Home
972,74,OFF,ON,ON,LOCKED,Away
973,74,OFF,ON,ON,LOCKED,Away
974,74,OFF,ON,ON,LOCKED,Away
975,75,OFF,ON,ON,LOCKED,Away
976,76,OFF,ON,ON,LOCKED,Away
977,75,OFF,ON,ON,LOCKED,Away
978,75,OFF,ON,ON,LOCKED,Away
979,75,OFF,ON,ON,LOCKED,Away
980,75,OFF,ON,ON,LOCKED,Away
981,74,OFF,ON,ON,LOCKED,Away
982,74,OFF,ON,ON,LOCKED,Away
983,75,OFF,ON,ON,LOCKED,Away
984,74,OFF,ON,ON,LOCKED,Away
985,75,OFF,ON,ON,LOCKED,Away
986,76,OFF,ON,ON,LOCKED,Away
987,76,OFF,ON,ON,LOCKED,Away
988,75,OFF,ON,ON,LOCKED,Away
989,75,OFF,ON,ON,LOCKED,Away
990,76,OFF,ON,ON,LOCKED,Away
991,75,OFF,ON,ON,LOCKED,Home
992,75,OFF,ON,ON,LOCKED,Home
993,75,OFF,ON,ON,LOCKED,Home
994,75,OFF,ON,ON,LOCKED,Home
995,75,OFF,ON,ON,LOCKED,Home
996,75,OFF,ON,ON,LOCKED,Home
997,74,OFF,ON,ON,LOCKED,Home
998,73,OFF,ON,ON,LOCKED,Away
999,73,OFF,ON,ON,LOCKED,Away
1000,73,OFF,ON,ON,LOCKED,Away
1001,72,OFF,ON,ON,LOCKED,Away
1002,71,OFF,ON,ON,LOCKED,Away
1003,71,OFF,ON,ON,LOCKED,Away
1004,72,OFF,ON,ON,LOCKED,Home
1005,72,OFF,ON,ON,LOCKED,Home
1006,73,OFF,ON,ON,LOCKED,Home
1007,74,OFF,ON,ON,LOCKED,Home
1008,74,OFF,ON,ON,LOCKED,Home
1009,74,OFF,ON,ON,LOCKED,Home
1010,75,OFF,ON,ON,LOCKED,Home
1011,74,OFF,ON,ON,LOCKED,Home
1012,73,OFF,ON,ON,LOCKED,Home
1013,74,OFF,ON,ON,LOCKED,Home
1014,75,OFF,ON,ON,LOCKED,Home
1015,75,OFF,ON,ON,LOCKED,Home
1016,75,OFF,ON,ON,LOCKED,Home
1017,74,OFF,ON,ON,LOCKED,Home
1018,73,OFF,ON,ON,LOCKED,Home
1019,72,OFF,ON,ON,LOCKED,Home
1020,72,OFF,ON,ON,LOCKED,Home
1021,71,OFF,ON,ON,LOCKED,Home
1022,71,OFF,ON,ON,LOCKED,Away
1023,70,OFF,ON,ON,LOCKED,Away
1024,71,OFF,ON,ON,LOCKED,Away
1025,70,OFF,ON,ON,LOCKED,Away
1026,70,OFF,ON,ON,LOCKED,Away
1027,69,OFF,ON,ON,LOCKED,Away
1028,69,OFF,ON,ON,LOCKED,Away
1029,69,OFF,ON,ON,LOCKED,Away
1030,70,OFF,ON,ON,LOCKED,Away
1031,70,OFF,ON,ON,LOCKED,Away
1032,69,OFF,ON,ON,LOCKED,Away
1033,68,OFF,ON,ON,LOCKED,Away
1034,68,OFF,ON,ON,LOCKED,Home
1035,67,OFF,ON,ON,LOCKED,Home
1036,67,OFF,ON,ON,LOCKED,Home
1037,68,OFF,ON,ON,LOCKED,Home
1038,68,OFF,ON,ON,LOCKED,Home
1039,68,OFF,ON,ON,LOCKED,Away
1040,67,OFF,ON,ON,LOCKED,Home
1041,66,OFF,ON,ON,LOCKED,Home
1042,66,OFF,ON,ON,LOCKED,Home
1043,65,OFF,ON,ON,LOCKED,Home
1044,64,OFF,ON,ON,LOCKED,Home
1045,64,OFF,ON,ON,LOCKED,Home
1046,65,OFF,ON,ON,LOCKED,Home
1047,65,OFF,ON,ON,LOCKED,Home
1048,65,OFF,ON,ON,LOCKED,Home
1049,64,OFF,ON,ON,LOCKED,Home
1050,65,OFF,ON,ON,LOCKED,Home
1051,65,OFF,ON,ON,LOCKED,Home
1052,64,OFF,ON,ON,LOCKED,Home
1053,64,OFF,ON,ON,LOCKED,Home
1054,64,OFF,ON,ON,LOCKED,Home
1055,65,OFF,ON,ON,LOCKED,Home
1056,64,OFF,ON,ON,LOCKED,Away
1057,63,OFF,ON,ON,LOCKED,Away
1058,64,OFF,ON,ON,LOCKED,Away
1059,63,OFF,ON,ON,LOCKED,Away
1060,63,OFF,ON,ON,LOCKED,Away
1061,62,OFF,ON,ON,LOCKED,Away
1062,62,OFF,ON,ON,LOCKED,Away
1063,62,OFF,ON,ON,LOCKED,Away
1064,61,OFF,ON,ON,LOCKED,Away
1065,61,OFF,ON,ON,LOCKED,Away
1066,60,OFF,ON,ON,LOCKED,Away
1067,61,OFF,ON,ON,LOCKED,Away
1068,60,OFF,ON,ON,LOCKED,Away
1069,60,OFF,ON,ON,LOCKED,Away
1070,59,OFF,ON,ON,LOCKED,Away
1071,60,OFF,ON,ON,LOCKED,Home
1072,59,OFF,ON,ON,LOCKED,Home
1073,58,OFF,ON,ON,LOCKED,Home
1074,59,OFF,ON,ON,LOCKED,Home
1075,59,OFF,ON,ON,LOCKED,Home
1076,59,OFF,ON,ON,LOCKED,Home
1077,60,OFF,ON,ON,LOCKED,Home
1078,60,OFF,ON,ON,LOCKED,Home
1079,59,OFF,ON,ON,LOCKED,Home
1080,58,OFF,ON,ON,LOCKED,Home
1081,59,OFF,ON,ON,LOCKED,Away
1082,58,OFF,ON,ON,LOCKED,Home
1083,58,OFF,ON,ON,LOCKED,Away
1084,57,OFF,ON,ON,LOCKED,Away
1085,58,OFF,ON,ON,LOCKED,Away
1086,58,OFF,ON,ON,LOCKED,Away
1087,58,OFF,ON,ON,LOCKED,Away
1088,59,OFF,ON,ON,LOCKED,Away
1089,59,OFF,ON,ON,LOCKED,Away
1090,59,OFF,ON,ON,LOCKED,Away
1091,60,OFF,ON,ON,LOCKED,Away
1092,61,OFF,ON,ON,LOCKED,Home
1093,62,OFF,ON,ON,LOCKED,Away
1094,62,OFF,ON,ON,LOCKED,Away
1095,62,OFF,ON,ON,LOCKED,Away
1096,61,OFF,ON,ON,LOCKED,Away
1097,60,OFF,ON,ON,LOCKED,Away
1098,60,OFF,ON,ON,LOCKED,Away
1099,60,OFF,ON,ON,LOCKED,Away
1100,61,OFF,ON,ON,LOCKED,Away
1101,61,OFF,ON,ON,LOCKED,Away
1102,60,OFF,ON,ON,LOCKED,Away
1103,60,OFF,ON,ON,LOCKED,Away
1104,60,OFF,ON,ON,LOCKED,Home
1105,59,OFF,ON,ON,LOCKED,Home
1106,60,OFF,ON,ON,LOCKED,Home
1107,61,OFF,ON,ON,LOCKED,Home
1108,61,OFF,ON,ON,LOCKED,Home
1109,60,OFF,ON,ON,LOCKED,Home
1110,59,OFF,ON,ON,LOCKED,Home
1111,59,OFF,ON,ON,LOCKED,Home
1112,60,OFF,ON,ON,LOCKED,Home
1113,60,OFF,ON,ON,LOCKED,Home
1114,59,OFF,ON,ON,LOCKED,Home
1115,60,OFF,ON,ON,LOCKED,Away
1116,60,OFF,ON,ON,LOCKED,Away
1117,60,OFF,ON,ON,LOCKED,Away
1118,59,OFF,ON,ON,LOCKED,Home
1119,59,OFF,ON,ON,LOCKED,Home
1120,58,OFF,ON,ON,LOCKED,Home
1121,59,OFF,ON,ON,LOCKED,Home
1122,59,OFF,ON,ON,LOCKED,Home
1123,59,OFF,ON,ON,LOCKED,Home
1124,60,OFF,ON,ON,LOCKED,Home
1125,59,OFF,ON,ON,LOCKED,Home
1126,60,OFF,ON,ON,LOCKED,Home
1127,60,OFF,ON,ON,LOCKED,Home
1128,61,OFF,ON,ON,LOCKED,Home
1129,60,OFF,ON,ON,LOCKED,Home
1130,61,OFF,ON,ON,LOCKED,Home
1131,60,OFF,ON,ON,LOCKED,Home
1132,59,OFF,ON,ON,LOCKED,Home
1133,58,OFF,ON,ON,LOCKED,Home
1134,58,OFF,ON,ON,LOCKED,Home
1135,58,OFF,ON,ON,LOCKED,Home
1136,59,OFF,ON,ON,LOCKED,Home
1137,60,OFF,ON,ON,LOCKED,Home
1138,61,OFF,ON,ON,LOCKED,Home
1139,61,OFF,ON,ON,LOCKED,Home
1140,60,OFF,ON,ON,LOCKED,Home
1141,59,OFF,ON,ON,LOCKED,Home
1142,60,OFF,ON,ON,LOCKED,Home
1143,61,OFF,ON,ON,LOCKED,Home
1144,62,OFF,ON,ON,LOCKED,Home
1145,63,OFF,ON,ON,LOCKED,Home
1146,63,OFF,ON,ON,LOCKED,Away
1147,62,OFF,ON,ON,LOCKED,Away
1148,62,OFF,ON,ON,LOCKED,Away
1149,63,OFF,ON,ON,LOCKED,Away
1150,63,OFF,ON,ON,LOCKED,Away
1151,62,OFF,ON,ON,LOCKED,Away
1152,63,OFF,ON,ON,LOCKED,Away
1153,63,OFF,ON,ON,LOCKED,Away
1154,64,OFF,ON,ON,LOCKED,Away
1155,63,OFF,ON,ON,LOCKED,Away
1156,63,OFF,ON,ON,LOCKED,Away
1157,64,OFF,ON,ON,LOCKED,Away
1158,63,OFF,ON,ON,LOCKED,Away
1159,62,OFF,ON,ON,LOCKED,Away
1160,62,OFF,ON,ON,LOCKED,Away
1161,63,OFF,ON,ON,LOCKED,Away
1162,63,OFF,ON,ON,LOCKED,Away
1163,63,OFF,ON,ON,LOCKED,Away
1164,64,OFF,ON,ON,LOCKED,Away
1165,64,OFF,ON,ON,LOCKED,Home
1166,64,OFF,ON,ON,LOCKED,Home
1167,65,OFF,ON,ON,LOCKED,Home
1168,65,OFF,ON,ON,LOCKED,Away
1169,64,OFF,ON,ON,LOCKED,Away
1170,64,OFF,ON,ON,LOCKED,Away
1171,65,OFF,ON,ON,LOCKED,Home
1172,64,OFF,ON,ON,LOCKED,Home
1173,65,OFF,ON,ON,LOCKED,Home
1174,65,OFF,ON,ON,LOCKED,Home
1175,64,OFF,ON,ON,LOCKED,Home
1176,64,OFF,ON,ON,LOCKED,Home
1177,63,OFF,ON,ON,LOCKED,Home
1178,62,OFF,ON,ON,LOCKED,Home
1179,63,OFF,ON,ON,LOCKED,Home
1180,62,OFF,ON,ON,LOCKED,Home
1181,62,OFF,ON,ON,LOCKED,Home
1182,61,OFF,ON,ON,LOCKED,Home
1183,61,OFF,ON,ON,LOCKED,Home
1184,61,OFF,ON,ON,LOCKED,Home
1185,62,OFF,ON,ON,LOCKED,Home
1186,62,OFF,ON,ON,LOCKED,Home
1187,61,OFF,ON,ON,LOCKED,Home
1188,60,OFF,ON,ON,LOCKED,Home
1189,60,OFF,ON,ON,LOCKED,Away
1190,59,OFF,ON,ON,LOCKED,Away
1191,59,OFF,ON,ON,LOCKED,Away
1192,59,OFF,ON,ON,LOCKED,Away
1193,60,OFF,ON,ON,LOCKED,Away
1194,60,OFF,ON,ON,LOCKED,Home
1195,61,OFF,ON,ON,LOCKED,Home
1196,62,OFF,ON,ON,LOCKED,Home
1197,63,OFF,ON,ON,LOCKED,Home
1198,64,OFF,ON,ON,LOCKED,Home
1199,64,OFF,ON,ON,LOCKED,Home
1200,63,OFF,ON,ON,LOCKED,Home
1201,62,OFF,ON,ON,LOCKED,Home
1202,62,OFF,ON,ON,LOCKED,Home
1203,62,OFF,ON,ON,LOCKED,Home
1204,63,OFF,ON,ON,LOCKED,Home
1205,64,OFF,ON,ON,LOCKED,Home
1206,64,OFF,ON,ON,LOCKED,Home
1207,65,OFF,ON,ON,LOCKED,Away
1208,64,OFF,ON,ON,LOCKED,Away
1209,64,OFF,ON,ON,LOCKED,Away
1210,63,OFF,ON,ON,LOCKED,Away
1211,63,OFF,ON,ON,LOCKED,Away
1212,64,OFF,ON,ON,LOCKED,Away
1213,65,OFF,ON,ON,LOCKED,Away
1214,66,OFF,ON,ON,LOCKED,Away
1215,67,OFF,ON,ON,LOCKED,Away
1216,66,OFF,ON,ON,LOCKED,Away
1217,65,OFF,ON,ON,LOCKED,Away
1218,64,OFF,ON,ON,LOCKED,Away
1219,64,OFF,ON,ON,LOCKED,Home
1220,63,OFF,ON,ON,LOCKED,Home
1221,64,OFF,ON,ON,LOCKED,Home
1222,64,OFF,ON,ON,LOCKED,Home
1223,65,OFF,ON,ON,LOCKED,Away
1224,66,OFF,ON,ON,LOCKED,Away
1225,65,OFF,ON,ON,LOCKED,Away
1226,65,OFF,ON,ON,LOCKED,Away
1227,66,OFF,ON,ON,LOCKED,Away
1228,65,OFF,ON,ON,LOCKED,Home
1229,65,OFF,ON,ON,LOCKED,Home
1230,64,OFF,ON,ON,LOCKED,Home
1231,63,OFF,ON,ON,LOCKED,Home
1232,64,OFF,ON,ON,LOCKED,Home
1233,64,OFF,ON,ON,LOCKED,Home
1234,64,OFF,ON,ON,LOCKED,Home
1235,63,OFF,ON,ON,LOCKED,Home
1236,63,OFF,ON,ON,LOCKED,Home
1237,62,OFF,ON,ON,LOCKED,Away
1238,61,OFF,ON,ON,LOCKED,Away
1239,62,OFF,ON,ON,LOCKED,Away
1240,62,OFF,ON,ON,LOCKED,Away
1241,63,OFF,ON,ON,LOCKED,Away
1242,63,OFF,ON,ON,LOCKED,Away
1243,63,OFF,ON,ON,LOCKED,Away
1244,63,OFF,ON,ON,LOCKED,Home
1245,63,OFF,ON,ON,LOCKED,Home
1246,63,OFF,ON,ON,LOCKED,Away
1247,64,OFF,ON,ON,LOCKED,Away
1248,63,OFF,ON,ON,LOCKED,Away
1249,62,OFF,ON,ON,LOCKED,Away
1250,63,OFF,ON,ON,LOCKED,Away
1251,64,OFF,ON,ON,LOCKED,Away
1252,65,OFF,ON,ON,LOCKED,Away
1253,64,OFF,ON,ON,LOCKED,Away
1254,65,OFF,ON,ON,LOCKED,Away
1255,66,OFF,ON,ON,LOCKED,Away
1256,66,OFF,ON,ON,LOCKED,Away
1257,66,OFF,ON,ON,LOCKED,Away
1258,66,OFF,ON,ON,LOCKED,Away
1259,66,OFF,ON,ON,LOCKED,Away
1260,65,OFF,ON,ON,LOCKED,Away
1261,65,OFF,ON,ON,LOCKED,Away
1262,66,OFF,ON,ON,LOCKED,Away
1263,67,OFF,ON,ON,LOCKED,Home
1264,68,OFF,ON,ON,LOCKED,Away
1265,67,OFF,ON,ON,LOCKED,Away
1266,66,OFF,ON,ON,LOCKED,Home
1267,65,OFF,ON,ON,LOCKED,Home
1268,66,OFF,ON,ON,LOCKED,Away
1269,66,OFF,ON,ON,LOCKED,Away
1270,66,OFF,ON,ON,LOCKED,Away
1271,65,OFF,ON,ON,LOCKED,Away
1272,64,OFF,ON,ON,LOCKED,Away
1273,65,OFF,ON,ON,LOCKED,Away
1274,64,OFF,ON,ON,LOCKED,Away
1275,64,OFF,ON,ON,LOCKED,Away
1276,64,OFF,ON,ON,LOCKED,Away
1277,65,OFF,ON,ON,LOCKED,Away
1278,64,OFF,ON,ON,LOCKED,Away
1279,65,OFF,ON,ON,LOCKED,Away
1280,65,OFF,ON,ON,LOCKED,Away
1281,64,OFF,ON,ON,LOCKED,Away
1282,63,OFF,ON,ON,LOCKED,Away
1283,63,OFF,ON,ON,LOCKED,Away
1284,64,OFF,ON,ON,LOCKED,Home
1285,64,OFF,ON,ON,LOCKED,Home
1286,64,OFF,ON,ON,LOCKED,Home
1287,63,OFF,ON,ON,LOCKED,Home
1288,63,OFF,ON,ON,LOCKED,Home
1289,63,OFF,ON,ON,LOCKED,Home
1290,62,OFF,ON,ON,LOCKED,Away
1291,63,OFF,ON,ON,LOCKED,Away
1292,64,OFF,ON,ON,LOCKED,Away
1293,64,OFF,ON,ON,LOCKED,Away
1294,65,OFF,ON,ON,LOCKED,Away
1295,64,OFF,ON,ON,LOCKED,Away
1296,63,OFF,ON,ON,LOCKED,Away
1297,63,OFF,ON,ON,LOCKED,Away
1298,63,OFF,ON,ON,LOCKED,Away
1299,62,OFF,ON,ON,LOCKED,Home
1300,62,OFF,ON,ON,LOCKED,Away
1301,63,OFF,ON,ON,LOCKED,Away
1302,63,OFF,ON,ON,LOCKED,Away
1303,63,OFF,ON,ON,LOCKED,Home
1304,64,OFF,ON,ON,LOCKED,Home
1305,63,OFF,ON,ON,LOCKED,Home
1306,63,OFF,ON,ON,LOCKED,Home
1307,62,OFF,ON,ON,LOCKED,Home
1308,61,OFF,ON,ON,LOCKED,Home
1309,61,OFF,ON,ON,LOCKED,Home
1310,60,OFF,ON,ON,LOCKED,Home
1311,60,OFF,ON,ON,LOCKED,Home
1312,60,OFF,ON,ON,LOCKED,Home
1313,60,OFF,ON,ON,LOCKED,Home
1314,60,OFF,ON,ON,LOCKED,Home
1315,60,OFF,ON,ON,LOCKED,Home
1316,61,OFF,ON,ON,LOCKED,Home
1317,62,OFF,ON,ON,LOCKED,Away
1318,63,OFF,ON,ON,LOCKED,Away
1319,64,OFF,ON,ON,LOCKED,Away
1320,65,OFF,ON,ON,LOCKED,Away
1321,65,OFF,ON,ON,LOCKED,Away
1322,66,OFF,ON,ON,LOCKED,Away
1323,66,OFF,ON,ON,LOCKED,Home
1324,65,OFF,ON,ON,LOCKED,Home
1325,66,OFF,ON,ON,LOCKED,Home
1326,67,OFF,ON,ON,LOCKED,Home
1327,68,OFF,ON,ON,LOCKED,Away
1328,68,OFF,ON,ON,LOCKED,Away
1329,67,OFF,ON,ON,LOCKED,Away
1330,66,OFF,ON,ON,LOCKED,Away
1331,65,OFF,ON,ON,LOCKED,Away
1332,64,OFF,ON,ON,LOCKED,Away
1333,63,OFF,ON,ON,LOCKED,Away
1334,63,OFF,ON,ON,LOCKED,Away
1335,63,OFF,ON,ON,LOCKED,Away
1336,62,OFF,ON,ON,LOCKED,Away
1337,61,OFF,ON,ON,LOCKED,Away
1338,62,OFF,ON,ON,LOCKED,Away
1339,63,OFF,ON,ON,LOCKED,Away
1340,64,OFF,ON,ON,LOCKED,Away
1341,63,OFF,ON,ON,LOCKED,Away
1342,63,OFF,ON,ON,LOCKED,Away
1343,63,OFF,ON,ON,LOCKED,Away
1344,63,OFF,ON,ON,LOCKED,Away
1345,64,OFF,ON,ON,LOCKED,Away
1346,63,OFF,ON,ON,LOCKED,Away
1347,64,OFF,ON,ON,LOCKED,Away
1348,63,OFF,ON,ON,LOCKED,Away
1349,62,OFF,ON,ON,LOCKED,Home
1350,61,OFF,ON,ON,LOCKED,Home
1351,61,OFF,ON,ON,LOCKED,Home
1352,62,OFF,ON,ON,LOCKED,Home
1353,62,OFF,ON,ON,LOCKED,Home
1354,63,OFF,ON,ON,LOCKED,Home
1355,63,OFF,ON,ON,LOCKED,Home
1356,62,OFF,ON,ON,LOCKED,Away
1357,62,OFF,ON,ON,LOCKED,Away
1358,63,OFF,ON,ON,LOCKED,Away
1359,62,OFF,ON,ON,LOCKED,Away
1360,61,OFF,ON,ON,LOCKED,Away
1361,62,OFF,ON,ON,LOCKED,Away
1362,62,OFF,ON,ON,LOCKED,Away
1363,61,OFF,ON,ON,LOCKED,Away
1364,62,OFF,ON,ON,LOCKED,Away
1365,62,OFF,ON,ON,LOCKED,Away
1366,62,OFF,ON,ON,LOCKED,Away
1367,61,OFF,ON,ON,LOCKED,Away
1368,62,OFF,ON,ON,LOCKED,Home
1369,61,OFF,ON,ON,LOCKED,Home
1370,62,OFF,ON,ON,LOCKED,Home
1371,61,OFF,ON,ON,LOCKED,Home
1372,60,OFF,ON,ON,LOCKED,Home
1373,59,OFF,ON,ON,LOCKED,Home
1374,58,OFF,ON,ON,LOCKED,Home
1375,57,OFF,ON,ON,LOCKED,Away
1376,56,OFF,ON,ON,LOCKED,Away
1377,55,OFF,ON,ON,LOCKED,Away
1378,56,OFF,ON,ON,LOCKED,Away
1379,55,OFF,ON,ON,LOCKED,Away
1380,54,OFF,ON,ON,LOCKED,Away
1381,53,OFF,ON,ON,LOCKED,Away
1382,53,OFF,ON,ON,LOCKED,Away
1383,53,OFF,ON,ON,LOCKED,Away
1384,52,OFF,ON,ON,LOCKED,Away
1385,53,OFF,ON,ON,LOCKED,Away
1386,52,OFF,ON,ON,LOCKED,Away
1387,51,OFF,ON,ON,LOCKED,Away
1388,52,OFF,ON,ON,LOCKED,Away
1389,53,OFF,ON,ON,LOCKED,Away
1390,53,OFF,ON,ON,LOCKED,Away
1391,52,OFF,ON,ON,LOCKED,Away
1392,53,OFF,ON,ON,LOCKED,Away
1393,53,OFF,ON,ON,LOCKED,Away
1394,54,OFF,ON,ON,LOCKED,Away
1395,53,OFF,ON,ON,LOCKED,Away
1396,53,OFF,ON,ON,LOCKED,Away
1397,53,OFF,ON,ON,LOCKED,Away
1398,54,OFF,ON,ON,LOCKED,Away
1399,54,OFF,ON,ON,LOCKED,Away
1400,55,OFF,ON,ON,LOCKED,Away
1401,55,OFF,ON,ON,LOCKED,Away
1402,56,OFF,ON,ON,LOCKED,Away
1403,57,OFF,ON,ON,LOCKED,Away
1404,58,OFF,ON,ON,LOCKED,Away
1405,59,OFF,ON,ON,LOCKED,Away
1406,60,OFF,ON,ON,LOCKED,Away
1407,60,OFF,ON,ON,LOCKED,Away
1408,60,OFF,ON,ON,LOCKED,Away
1409,59,OFF,ON,ON,LOCKED,Home
1410,59,OFF,ON,ON,LOCKED,Home
1411,58,OFF,ON,ON,LOCKED,Home
1412,57,OFF,ON,ON,LOCKED,Home
1413,56,OFF,ON,ON,LOCKED,Home
1414,56,OFF,ON,ON,LOCKED,Home
1415,57,OFF,ON,ON,LOCKED,Home
1416,58,OFF,ON,ON,LOCKED,Home
1417,58,OFF,ON,ON,LOCKED,Home
1418,59,OFF,ON,ON,LOCKED,Home
1419,58,OFF,ON,ON,LOCKED,Away
1420,57,OFF,ON,ON,LOCKED,Away
1421,56,OFF,ON,ON,LOCKED,Away
1422,56,OFF,ON,ON,LOCKED,Away
1423,57,OFF,ON,ON,LOCKED,Away
1424,58,OFF,ON,ON,LOCKED,Away
1425,57,OFF,ON,ON,LOCKED,Away
1426,58,OFF,ON,ON,LOCKED,Away
1427,57,OFF,ON,ON,LOCKED,Away
1428,57,OFF,ON,ON,LOCKED,Away
1429,57,OFF,ON,ON,LOCKED,Away
1430,57,OFF,ON,ON,LOCKED,Home
1431,57,OFF,ON,ON,LOCKED,Home
1432,58,OFF,ON,ON,LOCKED,Home
1433,58,OFF,ON,ON,LOCKED,Away
1434,58,OFF,ON,ON,LOCKED,Away
1435,58,OFF,ON,ON,LOCKED,Away
1436,59,OFF,ON,ON,LOCKED,Away
1437,59,OFF,ON,ON,LOCKED,Away
1438,59,OFF,ON,ON,LOCKED,Away
1439,60,OFF,ON,ON,LOCKED,Away
1440,60,OFF,ON,ON,LOCKED,Away
1441,60,OFF,ON,ON,LOCKED,Away
1442,60,OFF,ON,ON,LOCKED,Home
1443,60,OFF,ON,ON,LOCKED,Away
1444,60,OFF,ON,ON,LOCKED,Away
1445,61,OFF,ON,ON,LOCKED,Away
1446,62,OFF,ON,ON,LOCKED,Away
1447,62,OFF,ON,ON,LOCKED,Away
1448,61,OFF,ON,ON,LOCKED,Away
1449,60,OFF,ON,ON,LOCKED,Away
1450,59,OFF,ON,ON,LOCKED,Away
1451,59,OFF,ON,ON,LOCKED,Away
1452,59,OFF,ON,ON,LOCKED,Away
1453,58,OFF,ON,ON,LOCKED,Away
1454,57,OFF,ON,ON,LOCKED,Away
1455,57,OFF,ON,ON,LOCKED,Away
1456,58,OFF,ON,ON,LOCKED,Away
1457,57,OFF,ON,ON,LOCKED,Away
1458,58,OFF,ON,ON,LOCKED,Away
1459,57,OFF,ON,ON,LOCKED,Home
1460,57,OFF,ON,ON,LOCKED,Home
1461,56,OFF,ON,ON,LOCKED,Home
1462,57,OFF,ON,ON,LOCKED,Home
1463,58,OFF,ON,ON,LOCKED,Home
1464,59,OFF,ON,ON,LOCKED,Home
1465,60,OFF,ON,ON,LOCKED,Home
1466,59,OFF,ON,ON,LOCKED,Home
1467,58,OFF,ON,ON,LOCKED,Home
1468,57,OFF,ON,ON,LOCKED,Home
1469,58,OFF,ON,ON,LOCKED,Home
1470,59,OFF,ON,ON,LOCKED,Home
1471,59,OFF,ON,ON,LOCKED,Home
1472,59,OFF,ON,ON,LOCKED,Home
1473,60,OFF,ON,ON,LOCKED,Home
1474,60,OFF,ON,ON,LOCKED,Home
1475,60,OFF,ON,ON,LOCKED,Home
1476,59,OFF,ON,ON,LOCKED,Home
1477,60,OFF,ON,ON,LOCKED,Home
1478,59,OFF,ON,ON,LOCKED,Away
1479,60,OFF,ON,ON,LOCKED,Away
1480,61,OFF,ON,ON,LOCKED,Away
1481,61,OFF,ON,ON,LOCKED,Away
1482,61,OFF,ON,ON,LOCKED,Away
1483,60,OFF,ON,ON,LOCKED,Away
1484,59,OFF,ON,ON,LOCKED,Away
1485,60,OFF,ON,ON,LOCKED,Away
1486,61,OFF,ON,ON,LOCKED,Away
1487,61,OFF,ON,ON,LOCKED,Away
1488,61,OFF,ON,ON,LOCKED,Away
1489,62,OFF,ON,ON,LOCKED,Away
1490,61,OFF,ON,ON,LOCKED,Away
1491,62,OFF,ON,ON,LOCKED,Away
1492,63,OFF,ON,ON,LOCKED,Away
1493,62,OFF,ON,ON,LOCKED,Away
1494,63,OFF,ON,ON,LOCKED,Home
1495,64,OFF,ON,ON,LOCKED,Away
1496,63,OFF,ON,ON,LOCKED,Away
1497,64,OFF,ON,ON,LOCKED,Away
1498,64,OFF,ON,ON,LOCKED,Home
1499,64,OFF,ON,ON,LOCKED,Home
